00568188,마이크로컨텍솔,2022-11014,non_financial_company
00128111,포스코엠텍,2022-11014,non_financial_company
00380429,CMG제약,2022-11014,non_financial_company
00175623,ES큐브,2022-11014,non_financial_company
00157539,KB오토시스,2022-11014,non_financial_company
00111218,KD,2022-11014,non_financial_company
00445841,MDS테크,2022-11014,non_financial_company
00938688,SBI핀테크솔루션즈,2022-11012,fs_differ
00506294,가비아,2022-11014,non_financial_company
00441304,가온미디어,2022-11014,non_financial_company
01364747,가온칩스,2022-11014,non_financial_company
00261009,감성코퍼레이션,2018-11014,fs_differ
01025644,강스템바이오텍,2022-11014,non_financial_company
00100601,강원에너지,2022-11014,non_financial_company
00587457,갤럭시아머니트리,2022-11014,non_financial_company
00206039,경남스틸,2022-11014,non_financial_company
00307028,경남제약,2022-11014,non_financial_company
00101549,경동제약,2022-11014,non_financial_company
00102353,경창산업,2022-11014,non_financial_company
01032583,고려시멘트,2022-11014,non_financial_company
00336297,고려신용정보,2022-11014,non_financial_company
00103015,고려제약,2022-11014,non_financial_company
01399071,고바이오랩,2022-11014,non_financial_company
00579999,고영,2022-11014,non_financial_company
00249502,골드앤에스,2022-11014,non_financial_company
00255105,골드퍼시픽,2022-11014,non_financial_company
01067516,골프존,2022-11014,non_financial_company
00674498,골프존뉴딘홀딩스,2022-11014,non_financial_company
01307335,공구우먼,2022-11014,non_financial_company
01381939,광림,2011-11011,financial_company
00186452,광무,2022-11014,non_financial_company
00104120,광진실업,2022-11014,non_financial_company
01476219,교보10호기업인수목적,2011-11011,financial_company
01582228,교보11호스팩,2011-11011,financial_company
01620713,교보12호스팩,2011-11011,financial_company
01677678,교보13호스팩,2011-11011,financial_company
00202060,구영테크,2022-11014,non_financial_company
00253985,국보디자인,2022-11014,non_financial_company
00256715,국순당,2022-11014,non_financial_company
00104537,국영지앤엠,2022-11014,non_financial_company
00203847,국일신동,2022-11014,non_financial_company
00104573,국일제지,2022-11014,non_financial_company
01329957,국전약품,2022-11014,non_financial_company
00244561,그래디언트,2022-11014,non_financial_company
01170962,GRT,2022-11014,non_financial_company
00671978,그리티,2022-11014,non_financial_company
00602279,그린플러스,2022-11014,non_financial_company
00540863,GST,2022-11014,non_financial_company
00783246,글로벌에스엠,2022-11014,non_financial_company
01042711,글로벌텍스프리,2022-11014,non_financial_company
00159731,글로본,2022-11014,non_financial_company
00105475,금강철강,2022-11014,non_financial_company
00176516,금화피에스시,2022-11014,non_financial_company
00377018,기가레인,2022-11014,non_financial_company
00258421,기산텔레콤,2022-11014,non_financial_company
01181807,까스텔바작,2022-11014,non_financial_company
00994994,나노,2022-11014,non_financial_company
01136001,나노브릭,2022-11014,non_financial_company
00439965,나노신소재,2022-11014,non_financial_company
00660459,나노씨엠에스,2022-11014,non_financial_company
00230425,나노엔텍,2022-11014,non_financial_company
00542074,나노캠텍,2022-11014,non_financial_company
00297095,나라엠앤디,2022-11014,non_financial_company
00362122,나래나노텍,2022-11014,non_financial_company
00819374,나무가,2022-11014,non_financial_company
01136348,나무기술,2022-11014,non_financial_company
00486097,나스미디어,2022-11014,non_financial_company
00651017,나우IB,2011-11011,financial_company
00767628,나이벡,2022-11014,non_financial_company
00606293,나이스디앤비,2022-11014,non_financial_company
00264945,나이스정보통신,2022-11014,non_financial_company
00158325,NICE평가정보,2022-11014,non_financial_company
01208849,나인테크,2022-11014,non_financial_company
00245694,남화산업,2022-11014,non_financial_company
00108001,남화토건,2022-11014,non_financial_company
00923792,내츄럴엔도텍,2022-11014,non_financial_company
00599106,네오리진,2022-11014,non_financial_company
01170865,네오셈,2022-11014,non_financial_company
00876865,네오오토,2022-11014,non_financial_company
00628860,네오위즈,2022-11014,non_financial_company
00266952,네오위즈홀딩스,2022-11014,non_financial_company
01511558,네오이뮨텍,2022-11014,non_financial_company
01219155,네오크레마,2022-11014,non_financial_company
00447928,네오티스,2022-11014,non_financial_company
00551920,네오팜,2022-11014,non_financial_company
01246034,네오펙트,2022-11014,non_financial_company
01325429,네온테크,2022-11014,non_financial_company
00842585,네이블커뮤니케이션즈,2022-11014,non_financial_company
00117276,네이처셀,2022-11014,non_financial_company
00227333,네패스,2022-11014,non_financial_company
01368354,네패스아크,2022-11014,non_financial_company
00416414,넥스턴바이오,2022-11014,non_financial_company
00614593,넥스트아이,2022-11014,non_financial_company
00974927,NEW,2022-11014,non_financial_company
01515864,넥스트칩,2022-11014,non_financial_company
01080252,넥스틴,2022-11014,non_financial_company
01096341,넥슨게임즈,2022-11014,non_financial_company
01067808,넵튠,2022-11014,non_financial_company
00632845,노랑풍선,2022-11014,non_financial_company
00811372,노바렉스,2022-11014,non_financial_company
01259232,노바텍,2022-11014,non_financial_company
00536329,노블엠앤비,2022-11014,non_financial_company
01494118,노을,2022-11014,non_financial_company
01189438,노터스,2022-11014,non_financial_company
00513948,녹십자엠에스,2022-11014,non_financial_company
01135057,녹십자웰빙,2022-11014,non_financial_company
00393469,녹원씨엔아이,2022-11014,non_financial_company
00867478,아시아종묘,2022-11014,non_financial_company
00176835,농우바이오,2022-11014,non_financial_company
00410997,누리플랜,2022-11014,non_financial_company
00269889,누리플렉스,2022-11014,non_financial_company
01394669,누보,2022-11014,non_financial_company
01336461,뉴로메카,2011-11011,financial_company
00351375,뉴보텍,2022-11014,non_financial_company
00105040,뉴인텍,2022-11014,non_financial_company
00820389,뉴지랩파마,2022-11014,non_financial_company
01214248,뉴트리,2022-11014,non_financial_company
00521390,뉴파워프라즈마,2022-11014,non_financial_company
00493510,뉴프렉스,2022-11014,non_financial_company
00389970,다날,2022-11014,non_financial_company
00536888,다믈멀티미디어,2022-11014,non_financial_company
01416642,다보링크,2022-11014,non_financial_company
00268251,다산네트웍스,2022-11014,non_financial_company
00682992,다올인베스트먼트,2011-11011,financial_company
00238782,다우데이타,2022-11014,non_financial_company
00523307,다원시스,2022-11014,non_financial_company
00191287,대동금속,2022-11014,non_financial_company
00109310,대동기어,2022-11014,non_financial_company
00109268,대동스틸,2022-11014,non_financial_company
00109587,대륙제관,2022-11014,non_financial_company
00109781,대림제지,2022-11014,non_financial_company
00104810,대명소노시즌,2022-11014,non_financial_company
01150515,대명에너지,2022-11014,non_financial_company
00450995,대모,2022-11014,non_financial_company
01259418,대보마그네틱,2022-11014,non_financial_company
00442826,대봉엘에스,2022-11014,non_financial_company
00177320,대성미생물,2022-11014,non_financial_company
00110583,대성엘텍,2022-11014,non_financial_company
00109037,대성창투,2011-11011,financial_company
00442905,대성파인텍,2022-11014,non_financial_company
00577335,대성하이텍,2022-11014,non_financial_company
01567520,대신밸런스제10호스팩,2011-11011,financial_company
01580178,대신밸런스제11호스팩,2011-11011,financial_company
01631658,대신밸런스제12호스팩,2011-11011,financial_company
01675014,대신밸런스제13호스팩,2011-11011,financial_company
01696451,대신밸런스제14호스팩,2011-11011,financial_company
00110875,대신정보통신,2022-11012,fs_differ
00318316,대아티아이,2022-11014,non_financial_company
00111193,대양전기공업,2022-11014,non_financial_company
00111227,대양제지,2022-11014,non_financial_company
00111838,대원,2022-11014,non_financial_company
00351807,대원미디어,2022-11014,non_financial_company
00872063,대원산업,2011-11011,financial_company
00384948,대유,2022-11014,non_financial_company
01182578,대유에이피,2022-11014,non_financial_company
00250997,대정화금,2022-11014,non_financial_company
00112457,대주산업,2022-11014,non_financial_company
00177816,대주전자재료,2022-11014,non_financial_company
00177870,대창솔루션,2022-11014,non_financial_company
00112721,대창스틸,2022-11014,non_financial_company
00608316,대한과학,2022-11014,non_financial_company
00113261,대한광통신,2022-11014,non_financial_company
00367695,대한그린파워,2022-11014,non_financial_company
00207375,대한뉴팜,2022-11014,non_financial_company
00113128,대한약품,2022-11014,non_financial_company
00166175,대호특수강,2022-11014,non_financial_company
00210740,대화제약,2022-11014,non_financial_company
00945208,THE MIDONG,2022-11014,non_financial_company
01214743,더네이쳐홀딩스,2022-11014,non_financial_company
01291317,더블유씨피,2022-11014,non_financial_company
01318261,더블유에스아이,2022-11014,non_financial_company
00519252,THE E&M,2022-11014,non_financial_company
00530413,더코디,2022-11014,non_financial_company
01061558,덕산네오룩스,2022-11014,non_financial_company
01021666,덕산테코피아,2022-11014,non_financial_company
00471068,덕산하이메탈,2022-11014,non_financial_company
00454937,덕신하우징,2022-11014,non_financial_company
00571298,덕우전자,2022-11014,non_financial_company
01008762,데브시스터즈,2022-11014,non_financial_company
00877819,데이타솔루션,2022-11014,non_financial_company
01021949,덱스터,2022-11014,non_financial_company
01187494,덴티스,2022-11014,non_financial_company
00449379,도이치모터스,2022-11014,non_financial_company
00114686,동구바이오제약,2022-11014,non_financial_company
00172680,동국산업,2022-11014,non_financial_company
00472890,동국알앤에스,2022-11014,non_financial_company
00415594,동국S&C,2022-11014,non_financial_company
00114808,동국제약,2022-11014,non_financial_company
00526678,동방선기,2022-11014,non_financial_company
00231105,동성화인텍,2022-11014,non_financial_company
00116408,동신건설,2022-11014,non_financial_company
00489243,동아엘텍,2022-11014,non_financial_company
00199988,동아화성,2022-11014,non_financial_company
00178851,동양에스텍,2022-11014,non_financial_company
00178790,동양이엔피,2022-11014,non_financial_company
00993931,동양파일,2022-11014,non_financial_company
00228712,동우팜투테이블,2022-11014,non_financial_company
00695969,동운아나텍,2022-11014,non_financial_company
00117966,동원개발,2022-11014,non_financial_company
01695416,동일금속,2011-11011,financial_company
00199076,동일기연,2022-11014,non_financial_company
00172945,동일철강,2022-11014,non_financial_company
00118804,동진쎄미켐,2022-11014,non_financial_company
00173032,동화기업,2022-11014,non_financial_company
00563545,두산테스나,2022-11014,non_financial_company
00407771,듀오백,2022-11014,non_financial_company
00230036,드래곤플라이,2022-11014,non_financial_company
01038693,드림시큐리티,2022-11014,non_financial_company
00916826,드림씨아이에스,2022-11014,non_financial_company
00364467,드림어스컴퍼니,2022-11014,non_financial_company
01068658,디딤이앤에프,2022-11014,non_financial_company
00125725,디모아,2022-11014,non_financial_company
00624509,디바이스이엔지,2022-11014,non_financial_company
01591262,디비금융스팩10호,2011-11011,financial_company
01505450,DB금융스팩8호,2011-11011,financial_company
01505469,DB금융스팩9호,2011-11011,financial_company
00371740,디스플레이텍,2022-11014,non_financial_company
00576798,디아이티,2022-11014,non_financial_company
00230814,디아크,2022-11014,non_financial_company
00966168,디알젬,2022-11014,non_financial_company
01062867,디알텍,2022-11014,non_financial_company
01186404,디앤씨미디어,2022-11014,non_financial_company
01456011,디어유,2022-11014,non_financial_company
01109715,DSC인베스트먼트,2011-11011,financial_company
00812362,디에스앤엘,2022-11014,non_financial_company
00604277,디에스케이,2011-11011,financial_company
00660121,디에이테크놀로지,2022-11014,non_financial_company
00303192,디에이피,2022-11014,non_financial_company
00995993,디엑스앤브이엑스,2022-11014,non_financial_company
00642541,디엔에이링크,2022-11014,non_financial_company
00569691,디엔에프,2022-11014,non_financial_company
00361594,DMS,2022-11014,non_financial_company
00115931,디오,2022-11014,non_financial_company
01089378,디와이디,2022-11014,non_financial_company
01336443,디와이씨,2022-11014,non_financial_company
00602136,디와이피엔에프,2022-11014,non_financial_company
00445160,디이엔티,2022-11014,non_financial_company
00576789,디젠스,2022-11014,non_financial_company
00295547,디지아이,2022-11014,non_financial_company
00681373,디지캡,2022-11014,non_financial_company
00398808,디지털대성,2022-11014,non_financial_company
00231442,디지틀조선,2022-11014,non_financial_company
00533003,디케이락,2022-11014,non_financial_company
00892526,디케이앤디,2022-11014,non_financial_company
01381814,디케이티,2011-11011,financial_company
00675594,디티앤씨,2022-11014,non_financial_company
01437432,디티앤씨알오,2011-11011,financial_company
00629212,딜리,2022-11014,non_financial_company
01344831,딥노이드,2022-11014,non_financial_company
01327092,라닉스,2022-11014,non_financial_company
00255433,라온시큐어,2022-11014,non_financial_company
00911229,라온테크,2022-11014,non_financial_company
01251489,라온피플,2022-11014,non_financial_company
00317104,라이온켐텍,2022-11014,non_financial_company
00367482,라이트론,2022-11014,non_financial_company
01336762,라이프시맨틱스,2022-11014,non_financial_company
01058101,라파스,2022-11014,non_financial_company
00990819,래몽래인,2022-11014,non_financial_company
00654272,램테크놀러지,2022-11014,non_financial_company
00545114,랩지노믹스,2022-11014,non_financial_company
01068348,러셀,2022-11014,non_financial_company
00842619,레고켐바이오,2022-11014,non_financial_company
00261355,레드캡투어,2022-11014,non_financial_company
01011395,레몬,2022-11014,non_financial_company
00828761,레이,2022-11014,non_financial_company
00899459,레이언스,2022-11014,non_financial_company
01573381,레이저쎌,2022-11014,non_financial_company
01255652,레이크머티리얼즈,2022-11014,non_financial_company
01261644,레인보우로보틱스,2022-11014,non_financial_company
01063990,로보로보,2022-11014,non_financial_company
00536523,로보스타,2022-11014,non_financial_company
00946030,로보티즈,2022-11014,non_financial_company
01139266,로스웰,2022-11014,non_financial_company
00238199,로지시스,2022-11014,non_financial_company
00363486,로체시스템즈,2022-11014,non_financial_company
01397620,루닛,2022-11014,non_financial_company
00406329,루멘스,2022-11014,non_financial_company
00549925,루트로닉,2022-11014,non_financial_company
00373571,룽투코리아,2022-11014,non_financial_company
00369657,리노공업,2022-11014,non_financial_company
00369213,리노스,2022-11014,non_financial_company
00110750,리더스 기술투자,2022-11012,fs_differ
00180263,리더스코스메틱,2022-11014,non_financial_company
00117708,리드코프,2022-11014,non_financial_company
01275665,리메드,2022-11014,non_financial_company
01210066,리파인,2022-11014,non_financial_company
00616962,린드먼아시아,2022-11014,non_financial_company
00352499,링네트,2022-11014,non_financial_company
01109955,링크제니시스,2022-11014,non_financial_company
00770312,마니커에프앤지,2022-11014,non_financial_company
01267967,마이크로디지탈,2022-11014,non_financial_company
00654175,마이크로프랜드,2022-11014,non_financial_company
01297898,마인즈랩,2022-11014,non_financial_company
00877174,엠브레인,2022-11014,non_financial_company
00261373,마크로젠,2022-11014,non_financial_company
01234507,매일유업,2022-11014,non_financial_company
00120924,매일홀딩스,2022-11014,non_financial_company
00596677,매커스,2022-11014,non_financial_company
01409095,맥스트,2022-11014,non_financial_company
00364740,머큐리,2022-11014,non_financial_company
00425351,멀티캠퍼스,2022-11014,non_financial_company
00422284,메가스터디,2022-11014,non_financial_company
01074862,메가스터디교육,2022-11014,non_financial_company
00807555,메가엠디,2022-11014,non_financial_company
01336373,메드팩토,2022-11014,non_financial_company
00273439,메디아나,2022-11014,non_financial_company
00267854,메디앙스,2022-11014,non_financial_company
00356839,메디콕스,2022-11014,non_financial_company
00580199,메디톡스,2022-11014,non_financial_company
00453929,메디포스트,2022-11014,non_financial_company
00391197,메디프론,2022-11014,non_financial_company
00136101,메이슨캐피탈,2011-11011,financial_company
00808022,메지온,2022-11014,non_financial_company
00652007,메카로,2022-11014,non_financial_company
00317681,메타바이오메드,2022-11014,non_financial_company
00270113,멕아이씨에스,2022-11014,non_financial_company
00609315,멜파스,2022-11014,non_financial_company
01144569,명성티엔에스,2022-11014,non_financial_company
00480048,모다이노칩,2022-11014,non_financial_company
00657783,모델솔루션,2022-11014,non_financial_company
00456218,모두투어,2022-11014,non_financial_company
00556615,모바일어플라이언스,2022-11014,non_financial_company
00498001,모베이스,2022-11014,non_financial_company
00137234,모베이스전자,2022-11014,non_financial_company
01493535,모비데이즈,2022-11014,non_financial_company
01210190,모비릭스,2022-11014,non_financial_company
01165155,모비스,2022-11014,non_financial_company
01423837,모아데이타,2022-11014,non_financial_company
00241209,모아텍,2022-11012,fs_differ
01407158,모코엠시스,2022-11014,non_financial_company
00876908,모트렉스,2022-11014,non_financial_company
00163318,모헨즈,2022-11014,non_financial_company
00121507,무림SP,2022-11014,non_financial_company
01190124,미디어젠,2022-11014,non_financial_company
00526836,미래나노텍,2022-11014,non_financial_company
01071944,미래생명자원,2022-11014,non_financial_company
01450105,미래에셋대우스팩 5호,2011-11011,financial_company
00340096,미래에셋벤처투자,2011-11011,financial_company
01601286,미래에셋비전스팩1호,2011-11011,financial_company
00447760,미래컴퍼니,2022-11014,non_financial_company
01047840,미스터블루,2022-11014,non_financial_company
00366942,미코,2022-11014,non_financial_company
01049167,미코바이오메드,2022-11014,non_financial_company
00965813,미투온,2022-11014,non_financial_company
01416235,미투젠,2022-11014,non_financial_company
01046708,바디텍메드,2022-11014,non_financial_company
00122205,바른손,2022-11014,non_financial_company
00259590,바른손이앤에이,2022-11014,non_financial_company
00216027,바이넥스,2022-11014,non_financial_company
00403793,바이브컴퍼니,2022-11014,non_financial_company
00326731,바이오니아,2022-11014,non_financial_company
01117413,바이오다인,2022-11014,non_financial_company
01047707,바이오로그디바이스,2022-11014,non_financial_company
00560982,바이오솔루션,2022-11014,non_financial_company
00240857,바이오스마트,2022-11014,non_financial_company
01160974,바이오에프디엔씨,2022-11014,non_financial_company
00447502,바이오톡스텍,2022-11014,non_financial_company
00636656,바이오플러스,2022-11014,non_financial_company
00232089,바이온,2022-11014,non_financial_company
01037542,바이옵트로,2022-11012,fs_differ
01335790,바이젠셀,2022-11014,non_financial_company
00264255,바텍,2022-11014,non_financial_company
01335851,박셀바이오,2022-11014,non_financial_company
01182240,배럴,2022-11014,non_financial_company
00360036,백금T&A,2022-11014,non_financial_company
01398151,밸로프,2022-11014,non_financial_company
00378220,버킷스튜디오,2022-11014,non_financial_company
01435489,범한퓨얼셀,2022-11014,non_financial_company
01043853,베노홀딩스,2022-11014,non_financial_company
00267906,베뉴지,2022-11014,non_financial_company
00813389,베셀,2022-11014,non_financial_company
01259056,베스파,2022-11014,non_financial_company
00568461,보광산업,2022-11014,non_financial_company
01124680,보라티알,2022-11014,non_financial_company
01327746,보로노이,2022-11014,non_financial_company
00267881,보성파워텍,2022-11014,non_financial_company
01098792,본느,2022-11014,non_financial_company
00124276,부스타,2022-11014,non_financial_company
00243067,부방,2022-11014,non_financial_company
01344202,뷰노,2022-11014,non_financial_company
00609324,뷰웍스,2022-11014,non_financial_company
01391103,브랜드엑스코퍼레이션,2022-11014,non_financial_company
00642897,브레인즈컴퍼니,2022-11014,non_financial_company
00359076,브리지텍,2022-11014,non_financial_company
01227039,브릿지바이오,2022-11014,non_financial_company
01354740,브이씨,2022-11014,non_financial_company
01027794,브이원텍,2022-11014,non_financial_company
00150165,브이티지엠피,2022-11014,non_financial_company
00173449,블루베리 NFT,2022-11014,non_financial_company
00238001,블루콤,2022-11014,non_financial_company
01508855,블리츠웨이,2022-11014,non_financial_company
00563518,비나텍,2022-11014,non_financial_company
00693651,비덴트,2022-11014,non_financial_company
00610490,비디아이,2022-11014,non_financial_company
00533191,비보존 제약,2022-11014,non_financial_company
01153105,비비씨,2022-11014,non_financial_company
01506848,비스토스,2022-11014,non_financial_company
01301623,비씨엔씨,2022-11014,non_financial_company
00256043,비씨월드제약,2022-11014,non_financial_company
00610083,비아트론,2022-11014,non_financial_company
00447609,비에이치,2022-11014,non_financial_company
00409788,비에이치아이,2022-11014,non_financial_company
00110884,비엔지티,2022-11014,non_financial_company
00587925,비엘,2022-11014,non_financial_company
00384717,비엘팜텍,2022-11014,non_financial_company
00524786,비엠티,2022-11014,non_financial_company
01406618,비올,2022-11014,non_financial_company
01014657,비즈니스온,2022-11014,non_financial_company
00154718,비츠로셀,2022-11014,non_financial_company
00201432,비츠로시스,2022-11012,fs_differ
00103644,비츠로테크,2022-11014,non_financial_company
00369569,비케이홀딩스,2022-11014,non_financial_company
01326792,비투엔,2022-11014,non_financial_company
01381984,비트나인,2022-11014,non_financial_company
00231707,비트컴퓨터,2022-11014,non_financial_company
00980043,비플라이소프트,2022-11014,non_financial_company
01109070,비피도,2022-11014,non_financial_company
00478900,빅솔론,2022-11014,non_financial_company
00385363,빅텍,2022-11014,non_financial_company
00359261,빛샘전자,2022-11014,non_financial_company
00857480,사람인에이치알,2022-11014,non_financial_company
01516368,산돌,2011-11011,financial_company
00480367,삼강엠앤티,2022-11014,non_financial_company
00799177,삼기,2022-11014,non_financial_company
00125488,삼륭물산,2022-11014,non_financial_company
00125646,삼목에스폼,2022-11014,non_financial_company
00351092,삼보모터스,2022-11014,non_financial_company
00473288,삼보산업,2011-11011,financial_company
00125938,삼보판지,2022-11014,non_financial_company
01528530,삼성스팩4호,2011-11011,financial_company
01624162,삼성스팩6호,2011-11011,financial_company
01675227,삼성스팩7호,2011-11011,financial_company
01534522,삼성머스트스팩5호,2011-11011,financial_company
00126788,삼아제약,2022-11014,non_financial_company
00992543,삼양옵틱스,2022-11014,non_financial_company
00378363,3S,2022-11012,fs_differ
00405506,삼영에스앤씨,2022-11014,non_financial_company
00250614,삼영엠텍,2022-11014,non_financial_company
00288343,삼영이엔씨,2022-11014,non_financial_company
00127909,삼일,2022-11014,non_financial_company
00127936,삼일기업공사,2022-11014,non_financial_company
00128315,삼지전자,2022-11014,non_financial_company
00173351,삼진,2022-11014,non_financial_company
00239514,삼진엘앤디,2022-11014,non_financial_company
00128546,삼천당제약,2022-11014,non_financial_company
00128607,삼천리자전거,2022-11014,non_financial_company
00239639,삼표시멘트,2022-11014,non_financial_company
00128926,삼현철강,2022-11014,non_financial_company
00301112,삼화네트웍스,2022-11014,non_financial_company
00129615,상보,2022-11014,non_financial_company
00306162,상상인,2022-11014,non_financial_company
00618410,상상인인더스트리,2022-11014,non_financial_company
01604371,상상인제3호스팩,2011-11011,financial_company
00480783,상신이디피,2022-11014,non_financial_company
00760999,상신전자,2022-11014,non_financial_company
00181299,상아프론테크,2022-11014,non_financial_company
00232007,상지카일룸,2022-11014,non_financial_company
00147994,새로닉스,2022-11014,non_financial_company
00862880,새빗켐,2022-11014,non_financial_company
01199727,샘씨엔에스,2022-11014,non_financial_company
01387164,샤페론,2011-11011,financial_company
00867973,서남,2022-11014,non_financial_company
00373447,서린바이오,2022-11014,non_financial_company
00130383,서부T&D,2022-11014,non_financial_company
00130408,서산,2022-11014,non_financial_company
00166528,서암기계공업,2022-11014,non_financial_company
00153278,서연탑메탈,2022-11014,non_financial_company
00305570,서울리거,2022-11014,non_financial_company
00488402,서울바이오시스,2022-11014,non_financial_company
00130763,서울반도체,2022-11014,non_financial_company
00410915,서울옥션,2022-11014,non_financial_company
00130587,서울전자통신,2022-11014,non_financial_company
00131018,서울제약,2022-11014,non_financial_company
00445799,서원인텍,2022-11014,non_financial_company
00869272,서전기전,2022-11014,non_financial_company
00838005,서진시스템,2022-11014,non_financial_company
00800145,서진오토모티브,2022-11014,non_financial_company
00599285,서플러스글로벌,2022-11014,non_financial_company
00131504,서한,2022-11014,non_financial_company
00220622,서호전기,2022-11014,non_financial_company
00219848,서희건설,2022-11014,non_financial_company
00921916,석경에이티,2022-11014,non_financial_company
00131896,선광,2022-11014,non_financial_company
00407036,선바이오,2022-11014,non_financial_company
00327819,선익시스템,2022-11014,non_financial_company
00132202,선진뷰티사이언스,2022-11014,non_financial_company
00132318,성광벤드,2022-11014,non_financial_company
00216498,성도이엔지,2022-11014,non_financial_company
00364306,성우전자,2022-11014,non_financial_company
00350482,성우테크론,2022-11014,non_financial_company
00132992,성우하이텍,2022-11014,non_financial_company
01274329,성일하이텍,2022-11014,non_financial_company
00486370,성창오토텍,2022-11014,non_financial_company
00317210,성호전자,2022-11014,non_financial_company
00913689,세경하이테크,2022-11014,non_financial_company
00133663,세동,2022-11014,non_financial_company
01416572,세림B&G,2022-11014,non_financial_company
00133751,세명전기,2022-11014,non_financial_company
00133876,세보엠이씨,2022-11014,non_financial_company
00534701,세아메카닉스,2022-11014,non_financial_company
00362201,세운메디칼,2022-11014,non_financial_company
00173591,세원물산,2022-11014,non_financial_company
00959229,세종메디칼,2022-11014,non_financial_company
00268002,세종텔레콤,2022-11014,non_financial_company
01013551,세중,2011-11011,financial_company
00406727,세진티에스,2022-11014,non_financial_company
00351630,세코닉스,2022-11014,non_financial_company
01091382,세토피아,2022-11014,non_financial_company
00453026,세화피앤씨,2011-11011,financial_company
01023318,센코,2022-11014,non_financial_company
01114586,셀레믹스,2022-11014,non_financial_company
00310156,셀루메드,2022-11014,non_financial_company
01235296,셀리드,2022-11014,non_financial_company
01182444,셀리버리,2022-11014,non_financial_company
00666064,셀바스AI,2022-11014,non_financial_company
01047451,셀바스헬스케어,2022-11014,non_financial_company
00541349,셀트리온제약,2022-11014,non_financial_company
00554024,셀트리온헬스케어,2022-11014,non_financial_company
00308896,셀피글로벌,2022-11014,non_financial_company
00363510,소니드,2022-11014,non_financial_company
00605522,소룩스,2022-11014,non_financial_company
01442115,소마젠,2022-11014,non_financial_company
00204226,소프트센,2022-11014,non_financial_company
01182408,소프트캠프,2022-11014,non_financial_company
00306870,손오공,2022-11014,non_financial_company
00220109,솔고바이오,2022-11014,non_financial_company
00624518,솔루에타,2022-11014,non_financial_company
00249982,솔본,2022-11014,non_financial_company
01489648,솔브레인,2022-11014,non_financial_company
00247975,솔브레인홀딩스,2022-11014,non_financial_company
01050738,솔트룩스,2022-11014,non_financial_company
01390399,솔트웨어,2022-11014,non_financial_company
00303794,쇼박스,2022-11014,non_financial_company
00577016,수산아이앤티,2022-11014,non_financial_company
01063954,수젠텍,2022-11014,non_financial_company
01124653,슈프리마,2022-11014,non_financial_company
01231786,슈프리마아이디,2022-11014,non_financial_company
00599957,슈프리마에이치큐,2022-11014,non_financial_company
00917861,슈피겐코리아,2022-11014,non_financial_company
00763358,스마트솔루션즈,2022-11014,non_financial_company
00580056,스맥,2022-11014,non_financial_company
00276083,스카이문스테크놀로지,2022-11014,non_financial_company
01290248,스코넥,2022-11014,non_financial_company
00896753,스킨앤스킨,2022-11014,non_financial_company
00405959,스타플렉스,2022-11014,non_financial_company
01305249,스톤브릿지벤처스,2022-11014,non_financial_company
01046203,스튜디오산타클로스,2022-11014,non_financial_company
01168684,스튜디오드래곤,2022-11014,non_financial_company
00136165,스페코,2022-11014,non_financial_company
00135467,승일,2022-11014,non_financial_company
00170026,시공테크,2022-11014,non_financial_company
00158219,시그네틱스,2022-11014,non_financial_company
00475985,시너지이노베이션,2022-11014,non_financial_company
00203023,시노펙스,2022-11014,non_financial_company
01188378,시스웍,2022-11014,non_financial_company
00402110,시큐브,2022-11014,non_financial_company
00656021,시티랩스,2022-11014,non_financial_company
00961570,신도기연,2022-11014,non_financial_company
00135999,신라섬유,2022-11014,non_financial_company
00136004,신라에스지,2022-11014,non_financial_company
00919966,신라젠,2022-11014,non_financial_company
00136226,신성델타테크,2022-11014,non_financial_company
00136448,신신제약,2022-11014,non_financial_company
01419986,신영스팩6호,2011-11011,financial_company
01612608,신영스팩7호,2011-11011,financial_company
01656374,신영스팩8호,2011-11011,financial_company
00136925,신원종합개발,2022-11014,non_financial_company
00137058,신일제약,2022-11014,non_financial_company
00577380,신진에스엠,2022-11014,non_financial_company
01344336,신테카바이오,2022-11014,non_financial_company
01616482,신한제10호스팩,2011-11011,financial_company
01514528,신한제7호스팩,2011-11011,financial_company
01574760,신한제8호스팩,2011-11011,financial_company
01594764,신한제9호스팩,2011-11011,financial_company
00228350,신화인터텍,2022-11014,non_financial_company
00925189,신화콘텍,2022-11014,non_financial_company
00807379,신흥에스이씨,2022-11014,non_financial_company
00982023,실리콘투,2022-11014,non_financial_company
01095722,심텍,2022-11014,non_financial_company
00152127,심텍홀딩스,2022-11014,non_financial_company
00659161,싸이맥스,2022-11014,non_financial_company
01293953,싸이버원,2022-11014,non_financial_company
01046391,싸이토젠,2022-11014,non_financial_company
00138303,쌍용정보통신,2022-11014,non_financial_company
01049422,썸에이지,2022-11014,non_financial_company
01091054,쎄노텍,2022-11014,non_financial_company
00239596,쎄니트,2022-11014,non_financial_company
00449254,쎄트렉아이,2022-11014,non_financial_company
00357430,쎌바이오텍,2022-11014,non_financial_company
00364403,쏠리드,2022-11014,non_financial_company
00151605,CBI,2022-11014,non_financial_company
00249441,씨씨에스,2022-11014,non_financial_company
01090471,씨아이에스,2022-11014,non_financial_company
01226410,씨앤씨인터내셔널,2022-11014,non_financial_company
00149266,CNH,2022-11014,non_financial_company
00605328,씨앤지하이테크,2022-11014,non_financial_company
00875237,씨앤투스,2022-11014,non_financial_company
00318662,CNT85,2022-11014,non_financial_company
00303703,CS,2022-11014,non_financial_company
00765462,씨에스베어링,2022-11014,non_financial_company
00406037,CSA 코스믹,2022-11014,non_financial_company
01487446,씨엔알리서치,2022-11014,non_financial_company
00660033,씨엔플러스,2022-11014,non_financial_company
00681249,씨유메디칼,2022-11014,non_financial_company
00575106,씨유테크,2022-11014,non_financial_company
00991298,씨이랩,2022-11014,non_financial_company
01071041,CJ 바이오사이언스,2022-11014,non_financial_company
00265324,CJ ENM,2022-11014,non_financial_company
00127954,CJ프레시웨이,2022-11014,non_financial_company
00788773,씨젠,2022-11014,non_financial_company
00800084,씨케이에이치,2022-11014,non_financial_company
00520610,씨큐브,2022-11014,non_financial_company
00362292,씨티씨바이오,2022-11014,non_financial_company
01144028,씨티케이,2022-11014,non_financial_company
00138446,아가방컴퍼니,2022-11014,non_financial_company
00761952,아나패스,2022-11014,non_financial_company
00161781,아난티,2022-11014,non_financial_company
01541744,아리온,2011-11011,financial_company
00611912,아모그린텍,2022-11014,non_financial_company
00298447,아모텍,2022-11014,non_financial_company
00466428,아미노로직스,2022-11014,non_financial_company
00545734,아미코젠,2022-11014,non_financial_company
00442145,아바코,2022-11014,non_financial_company
00442048,아바텍,2022-11014,non_financial_company
00138598,아비코전자,2022-11014,non_financial_company
00138747,아세아텍,2022-11014,non_financial_company
00922304,아셈스,2022-11014,non_financial_company
01157235,아스타,2022-11014,non_financial_company
00409681,아스트,2022-11014,non_financial_company
00561732,아스플로,2022-11014,non_financial_company
00665676,아시아경제,2022-11014,non_financial_company
01080687,아우딘퓨쳐스,2022-11014,non_financial_company
00883980,아이디스,2022-11014,non_financial_company
00359580,아이디스홀딩스,2022-11014,non_financial_company
01213586,아이디피,2022-11014,non_financial_company
01414422,아이비김영,2022-11014,non_financial_company
01440481,IBKS제13호스팩,2011-11011,financial_company
01569102,IBKS제16호스팩,2011-11011,financial_company
01591606,IBKS제17호스팩,2011-11011,financial_company
01622331,IBKS제18호스팩,2011-11011,financial_company
01632851,IBKS제19호스팩,2011-11011,financial_company
01675421,IBKS제20호스팩,2011-11011,financial_company
01682740,IBKS제21호스팩,2011-11011,financial_company
00550994,아이센스,2022-11014,non_financial_company
00983934,아이스크림에듀,2022-11014,non_financial_company
00612489,아이쓰리시스템,2022-11014,non_financial_company
00298377,아이씨디,2022-11014,non_financial_company
01302853,아이씨에이치,2022-11014,non_financial_company
01296394,아이앤씨,2011-11011,financial_company
00572905,ISC,2022-11014,non_financial_company
00426068,아이에스이커머스,2022-11014,non_financial_company
00252269,아이에이,2022-11014,non_financial_company
01326279,아이엘사이언스,2022-11014,non_financial_company
00609634,아이엠,2022-11014,non_financial_company
00370006,iMBC,2022-11014,non_financial_company
00543204,아이오케이,2022-11014,non_financial_company
00365624,아이윈,2022-11014,non_financial_company
00615723,아이윈플러스,2022-11014,non_financial_company
00200910,아이즈비전,2022-11014,non_financial_company
00945457,아이진,2022-11014,non_financial_company
00407285,아이컴포넌트,2022-11014,non_financial_company
01146822,아이퀘스트,2022-11014,non_financial_company
00554352,아이큐어,2022-11014,non_financial_company
00405719,아이크래프트,2022-11014,non_financial_company
00626011,아이텍,2022-11014,non_financial_company
00346911,아이톡시,2022-11014,non_financial_company
00620868,아이티센,2022-11014,non_financial_company
01429840,아이티아이즈,2022-11014,non_financial_company
00627029,ITX-AI,2022-11014,non_financial_company
00579980,아이티엠반도체,2022-11014,non_financial_company
00692254,아이패밀리에스씨,2022-11014,non_financial_company
00156895,아주IB투자,2011-11011,financial_company
00201131,아즈텍WB,2022-11014,non_financial_company
00139083,아진산업,2022-11014,non_financial_company
00404288,아진엑스텍,2022-11014,non_financial_company
00595182,아톤,2022-11014,non_financial_company
00399694,아프리카TV,2022-11014,non_financial_company
00139205,안국약품,2022-11014,non_financial_company
00298270,안랩,2022-11014,non_financial_company
00631837,안트로젠,2022-11014,non_financial_company
01309795,알로이스,2022-11014,non_financial_company
00447007,알리코제약,2022-11014,non_financial_company
01303029,알비더블유,2022-11014,non_financial_company
00838962,알서포트,2022-11014,non_financial_company
00858124,알에스오토메이션,2022-11014,non_financial_company
01343665,RF머트리얼즈,2022-11014,non_financial_company
00516246,알에프세미,2015-11011,update
01078178,RFHIC,2015-11011,update
00309831,알에프텍,2015-11011,update
00915508,알엔투테크놀로지,2015-11011,update
01405451,알체라,2015-11011,update
00989619,알테오젠,2015-11011,update
00821607,알톤스포츠,2015-11011,update
00364254,알티캐스트,2015-11011,update
00605124,알파홀딩스,2015-11011,update
01182259,알피바이오,2015-11011,update
01265251,압타머사이언스,2015-11011,update
01251595,압타바이오,2015-11011,update
00808086,애니젠,2015-11011,update
01335578,애니플러스,2015-11011,update
01022902,애드바이오텍,2015-11011,update
00781202,애머릿지,2015-11011,update
01042429,액션스퀘어,2015-11011,update
00348034,액토즈소프트,2015-11011,update
01141942,액트로,2015-11011,update
00942131,앤디포스,2015-11011,update
00537337,앤씨앤,2015-11011,update
01207716,앱코,2015-11011,update
00991191,앱클론,2015-11011,update
00875307,야스,2015-11011,update
00139685,양지사,2015-11011,update
00440712,어반리튬,2015-11011,update
00591441,어보브반도체,2015-11011,update
00971090,어스앤에어로스페이스,2015-11011,update
01073678,얼라인드,2015-11011,update
00169215,에너토크,2015-11011,update
01201590,에브리봇,2015-11011,update
00264635,에스넷,2015-11011,update
01099667,에스디생명공학,2015-11011,update
00604815,에스디시스템,2015-11011,update
00574611,SDN,2015-11011,update
00562360,에스맥,2015-11011,update
00599151,SV인베스트먼트,2015-11011,update
00653103,SBW생명과학,2015-11011,update
00567897,에스비비테크,2015-11011,update
00156910,SBI인베스트먼트,2015-11011,update
00280688,SBS콘텐츠허브,2015-11011,update
00171867,에스씨디,2015-11011,update
00260745,SCI평가정보,2015-11011,update
01110474,에스씨엠생명과학,2015-11011,update
00120906,에스아이리소스,2015-11011,update
00137012,에스앤더블류,2015-11011,update
01685321,에스앤디,2015-11011,update
00411048,에스앤에스텍,2015-11011,update
00585538,에스에너지,2015-11011,update
01250374,에스에스알,2015-11011,update
01082418,SAMG엔터,2015-11011,update
00128661,에스에이엠티,2015-11011,update
00379229,에스에이티,2015-11011,update
01440153,에스에이티이엔지,2015-11011,update
00358271,에스에프에이,2015-11011,update
00301246,SFA반도체,2015-11011,update
00455981,에스엔유,2015-11011,update
00580667,S&K폴리텍,2015-11011,update
00957568,에스엘바이오닉스,2015-11011,update
00367604,SM Life Design,2015-11011,update
00260930,에스엠,2015-11011,update
00185046,SM C&C,2015-11011,update
00137915,에스엠코어,2015-11011,update
00535481,에스와이,2015-11011,update
01222432,에스제이그룹,2015-11011,update
00141246,SGC이테크건설,2015-11011,update
00351579,SGA,2015-11011,update
00988364,SGA솔루션즈,2015-11011,update
00264714,SG&G,2015-11011,update
00963976,SG,2015-11011,update
01596656,에스케이증권7호스팩,2015-11011,update
01671197,SK증권제8호스팩,2015-11011,update
00573269,에스코넥,2015-11011,update
00306719,에스텍,2015-11011,update
00463342,에스텍파마,2015-11011,update
01014055,에스트래픽,2015-11011,update
00298340,에스티아이,2015-11011,update
00612188,에스티오,2015-11011,update
00273110,에스티큐브,2015-11011,update
00871833,에스티팜,2015-11011,update
00340272,에스폴리텍,2015-11011,update
01257872,에스퓨얼셀,2015-11011,update
00624749,에스피시스템스,2015-11011,update
00220686,에스피지,2015-11011,update
00203209,에쎈테크,2015-11011,update
01409022,에이디엠코리아,2015-11011,update
00356927,에이디칩스,2015-11011,update
00657002,에이디테크놀로지,2015-11011,update
00608839,에이루트,2015-11011,update
01256864,에이비엘바이오,2015-11011,update
00977377,에이비온,2015-11011,update
00620558,에이비프로바이오,2015-11011,update
00140052,에이스침대,2015-11011,update
00556907,에이스테크,2015-11011,update
00975290,에이스토리,2015-11011,update
01223219,에이에프더블류,2015-11011,update
00523936,HB솔루션,2015-11011,update
00255275,HB테크놀러지,2015-11011,update
00527464,에이치시티,2015-11011,update
00230911,HRS,2015-11011,update
01207761,에이치앤비디자인,2015-11011,update
00199252,HLB,2015-11011,update
00365590,HLB생명과학,2015-11011,update
00336817,HLB제약,2015-11011,update
00552859,HLB테라퓨틱스,2015-11011,update
01011438,에이치엘사이언스,2015-11011,update
01447217,에이치엠씨제4호스팩,2015-11011,update
01447244,에이치엠씨제5호스팩,2015-11011,update
00885906,에이치와이티씨,2015-11011,update
00235183,에이치케이,2015-11011,update
01012066,HK이노엔,2015-11011,update
01288827,HPSP,2015-11011,update
01068737,에이치피오,2015-11011,update
00384887,에이테크솔루션,2015-11011,update
00256502,에이텍,2015-11011,update
01099861,에이텍티앤,2015-11011,update
01110076,에이트원,2015-11011,update
00161462,에이티넘인베스트,2015-11011,update
00458562,에이티세미콘,2015-11011,update
00667425,에이팩트,2015-11011,update
00604268,에이프로,2015-11011,update
00653194,에이프로젠 H&G,2015-11011,update
01375822,에이프릴바이오,2015-11011,update
01203808,AP시스템,2015-11011,update
00296078,APS홀딩스,2015-11011,update
00874803,AP위성,2015-11011,update
00544577,에이피티씨,2015-11011,update
01108442,에치에프알,2015-11011,update
01029394,에코마케팅,2015-11011,update
00287812,에코바이오,2015-11011,update
00870481,에코캡,2015-11011,update
00536541,에코프로,2015-11011,update
01160363,에코프로비엠,2015-11011,update
01566248,에코프로에이치엔,2015-11011,update
00139153,에코플라스틱,2015-11011,update
00442561,에프알텍,2015-11011,update
00331016,에프앤가이드,2015-11011,update
00390408,에프앤리퍼블릭,2015-11011,update
01061497,FSN,2015-11011,update
00223434,에프에스티,2015-11011,update
00925295,에프엔씨엔터,2015-11011,update
00476036,에프엔에스테크,2015-11011,update
00360577,엑사이엔씨,2015-11011,update
00351454,엑서지21,2015-11011,update
00956028,엑세스바이오,2015-11011,update
01042085,엑셈,2015-11011,update
00683007,엑스큐어,2015-11011,update
00611736,엑시콘,2015-11011,update
00964595,엔바이오니아,2015-11011,update
00146436,엔브이에이치코리아,2015-11011,update
01051065,엔비티,2015-11011,update
01310773,엔시스,2015-11011,update
00641393,엔시트론,2015-11011,update
00180865,엔에스엔,2015-11011,update
01573974,엔에이치스팩20호,2015-11011,update
01576713,엔에이치스팩22호,2015-11011,update
01619513,엔에이치스팩23호,2015-11011,update
01674538,엔에이치스팩24호,2015-11011,update
01674468,엔에이치스팩25호,2015-11011,update
01675254,엔에이치스팩26호,2015-11011,update
01677429,엔에이치스팩27호,2015-11011,update
00645089,NHN벅스,2015-11011,update
00357740,NHN한국사이버결제,2015-11011,update
01217829,엔에프씨,2015-11011,update
00363927,NE능률,2015-11011,update
01397903,엔젠바이오,2015-11011,update
01587056,엔젯,2015-11011,update
01084364,엔지스테크널러지,2015-11011,update
00606886,엔지켐생명과학,2015-11011,update
00977650,엔케이맥스,2015-11011,update
01011526,엔켐,2015-11011,update
00415707,엔텔스,2015-11011,update
01105621,엔투텍,2015-11011,update
01276901,엔피,2015-11011,update
00876643,엔피디,2015-11011,update
00108490,엔피케이,2015-11011,update
00540571,엘디티,2015-11011,update
00527011,엘비루셈,2015-11011,update
00412348,엘비세미콘,2015-11011,update
00670085,엘아이에스,2015-11011,update
01181515,엘앤씨바이오,2015-11011,update
00398701,엘앤에프,2015-11011,update
00918222,엘앤케이바이오,2015-11011,update
00494218,엘엠에스,2015-11011,update
00484682,엘오티베큠,2015-11011,update
00242712,엘컴텍,2015-11011,update
00866062,엘티씨,2015-11011,update
00397058,엠게임,2015-11011,update
00396925,엠로,2015-11011,update
00136642,엠벤처투자,2015-11011,update
00531829,엠아이텍,2015-11011,update
00121154,엠에스씨,2015-11011,update
00259545,엠에스오토텍,2015-11011,update
01384477,엠에프엠코리아,2015-11011,update
00121686,엠케이전자,2015-11011,update
00670766,엠투아이,2015-11011,update
00143226,엠투엔,2015-11011,update
00833064,엠플러스,2015-11011,update
00390860,엠피대산,2015-11011,update
00302078,엠피씨플러스,2015-11011,update
00372253,연우,2015-11011,update
00532129,영림원소프트랩,2015-11011,update
00140858,영신금속,2015-11011,update
00569646,영우디에스피,2015-11011,update
00619507,영창케미칼,2015-11011,update
00141389,영풍정밀,2015-11011,update
00659976,영화테크,2015-11011,update
00259934,예림당,2015-11011,update
01166109,예선테크,2015-11011,update
00362858,예스24,2015-11011,update
00530556,예스티,2015-11011,update
01169434,오가닉티코스메틱,2015-11011,update
00220969,오공,2015-11011,update
00529815,오디텍,2015-11011,update
00141556,오로라,2015-11011,update
01016479,오로스테크놀로지,2015-11011,update
00297989,오르비텍,2015-11011,update
00141608,오리엔탈정공,2015-11011,update
00300405,오리엔트정공,2015-11011,update
00141671,오리콤,2015-11011,update
00494546,오비고,2015-11011,update
00226547,오상자이엘,2015-11011,update
00350048,오성첨단소재,2015-11011,update
01113754,오션브릿지,2015-11011,update
00263654,오스코텍,2015-11011,update
00175173,오스템,2015-11011,update
00341916,오스템임플란트,2015-11011,update
01491607,오에스피,2015-11011,update
00571483,오이솔루션,2015-11011,update
00543107,오킨스전자,2015-11011,update
00397289,오텍,2015-11011,update
01084294,오토앤,2015-11011,update
00867849,오파스넷,2015-11011,update
00335076,오픈베이스,2015-11011,update
01571107,오픈엣지테크놀로지,2015-11011,update
01335453,오하임아이엔티,2015-11011,update
01070149,올리패스,2015-11011,update
01222663,올릭스,2015-11011,update
00265005,옴니시스템,2015-11011,update
00831428,옵투스제약,2015-11011,update
00327396,옵트론텍,2015-11011,update
00660291,옵티시스,2015-11011,update
00971726,옵티팜,2015-11011,update
00296263,YW,2015-11011,update
01116502,와이더플래닛,2015-11011,update
00307222,YBM넷,2015-11011,update
00759294,와이솔,2015-11011,update
01109539,와이아이케이,2015-11011,update
00250137,와이어블,2015-11011,update
00190756,와이엔텍,2015-11011,update
00870861,와이엠씨,2015-11011,update
01215618,와이엠텍,2015-11011,update
00602172,와이엠티,2015-11011,update
00370200,와이오엠,2015-11011,update
01035678,와이제이엠게임즈,2015-11011,update
01236532,와이즈버즈,2015-11011,update
00139719,와이지-원,2015-11011,update
00613318,와이지엔터테인먼트,2015-11011,update
00200275,YTN,2015-11011,update
01015160,와이팜,2015-11011,update
00455875,와토스코리아,2015-11011,update
01640300,우리기술,2015-11011,update
00231664,우리기술투자,2015-11011,update
00664048,우리넷,2015-11011,update
00296005,우리로,2015-11011,update
00369107,우리바이오,2015-11011,update
01077577,우리산업,2015-11011,update
00359623,우리산업홀딩스,2015-11011,update
00413417,우리손에프앤지,2015-11011,update
00155692,우리엔터프라이즈,2015-11011,update
00815095,우리이앤엘,2015-11011,update
00567222,우림피티에스,2015-11011,update
00301422,우수AMS,2015-11011,update
00486875,우양,2015-11011,update
00363246,우원개발,2015-11011,update
01065013,우정바이오,2015-11011,update
00390903,우주일렉트로,2015-11011,update
00103547,우진비앤지,2015-11011,update
01326224,원바이오젠,2015-11011,update
00304076,원방테크,2015-11011,update
00210980,원익,2015-11011,update
00623661,원익머트리얼즈,2015-11011,update
01135941,원익IPS,2015-11011,update
00128175,원익큐브,2015-11011,update
00468374,원익QnC,2015-11011,update
00785475,원익피앤이,2015-11011,update
00216647,원익홀딩스,2015-11011,update
00143907,원일특강,2015-11011,update
01459212,원준,2015-11011,update
00311270,원텍,2015-11011,update
01441611,원티드랩,2015-11011,update
00144012,원풍,2015-11011,update
00144021,원풍물산,2015-11011,update
00580065,월덱스,2015-11011,update
01473179,웨이버스,2015-11011,update
00526696,웨이브일렉트로,2015-11011,update
00362159,웰크론,2015-11011,update
00487546,웰크론한텍,2015-11011,update
00864338,웹스,2015-11011,update
00405320,웹젠,2015-11011,update
00323868,웹케시,2015-11011,update
00300557,위니아,2015-11011,update
01175499,위니아에이드,2015-11011,update
00293886,위닉스,2015-11011,update
00765851,위더스제약,2015-11011,update
00925587,위드텍,2015-11011,update
00444329,위메이드,2015-11011,update
00643656,위메이드맥스,2015-11011,update
00815767,위메이드플레이,2015-11011,update
00374738,위세아이텍,2015-11011,update
00264228,위즈코프,2015-11011,update
01276327,위지윅스튜디오,2015-11011,update
00258360,위지트,2015-11011,update
00868705,윈스,2015-11011,update
01359815,윈텍,2015-11011,update
00536286,윈팩,2015-11011,update
00910840,윈하이텍,2015-11011,update
00863038,윌링스,2015-11011,update
01405585,윙스풋,2015-11011,update
01328639,윙입푸드,2015-11011,update
00127699,유네코,2015-11011,update
00260569,유니셈,2015-11011,update
00144243,유니슨,2015-11011,update
00408266,유니온커뮤니티,2015-11011,update
00147152,유니크,2015-11011,update
00540447,유니테스트,2015-11011,update
00531865,유니테크노,2015-11011,update
00879020,유니트론텍,2015-11011,update
00201742,유라테크,2015-11011,update
00927558,유바이오로직스,2015-11011,update
00592653,유비벨록스,2015-11011,update
00531078,유비온,2015-11011,update
00220057,유비케어,2015-11011,update
01203376,유비쿼스,2015-11011,update
00411385,유비쿼스홀딩스,2015-11011,update
00173999,유성티엔에스,2015-11011,update
00144650,유신,2015-11011,update
00215976,UCI,2015-11011,update
00400121,유아이디,2015-11011,update
00256380,유아이엘,2015-11011,update
01670675,유안타제10호스팩,2015-11011,update
01504910,유안타제8호스팩,2015-11011,update
01663639,유안타제9호스팩,2015-11011,update
01196313,유에스티,2015-11011,update
01152586,유일로보틱스,2015-11011,update
01368637,유일에너테크,2015-11011,update
01495986,유진기업,2015-11011,update
01514519,유진스팩6호,2015-11011,update
01569838,유진스팩7호,2015-11011,update
01601222,유진스팩8호,2015-11011,update
01678835,유진스팩9호,2015-11011,update
00234227,유진로봇,2015-11011,update
00531014,유진테크,2015-11011,update
00923826,유테크,2015-11011,update
00961774,유티아이,2015-11011,update
01110678,유틸렉스,2015-11011,update
00843900,육일씨엔에쓰,2015-11011,update
00925374,윤성에프앤씨,2015-11011,update
00583026,율호,2015-11011,update
00184889,이건홀딩스,2015-11011,update
00364847,이글루,2015-11011,update
00145473,이글벳,2015-11011,update
01264872,이노뎁,2015-11011,update
01341630,이노룰스,2015-11011,update
01258710,이노메트리,2015-11011,update
00346610,이노시스,2015-11011,update
00462121,이노와이어리스,2015-11011,update
01065679,이노인스트루먼트,2015-11011,update
01110182,이노테라피,2015-11011,update
00494476,이녹스,2015-11011,update
01237540,이녹스첨단소재,2015-11011,update
00353610,이니텍,2015-11011,update
00137289,이라이콤,2015-11011,update
01199189,이랜시스,2015-11011,update
00206659,이랜텍,2015-11011,update
01142400,이루다,2015-11011,update
00390514,이루온,2015-11011,update
00694942,이미지스,2015-11011,update
01436336,이베스트스팩5호,2015-11011,update
00330424,이베스트투자증권,2015-11011,update
00243979,EV수성,2015-11011,update
00533924,이브이첨단소재,2015-11011,update
01135640,이삭엔지니어링,2015-11011,update
00454399,이상네트웍스,2015-11011,update
00526872,이수앱지스,2015-11011,update
00273420,이스트소프트,2015-11011,update
00799070,이스트아시아홀딩스,2015-11011,update
00400060,이씨에스,2015-11011,update
00619640,이엔드디,2015-11011,update
00530185,이엔에프테크놀로지,2015-11011,update
00389998,이엔코퍼레이션,2015-11011,update
00374020,이엘피,2015-11011,update
00616290,이엠넷,2015-11011,update
00475718,이엠앤아이,2015-11011,update
00526951,이엠코리아,2015-11011,update
00541163,이엠텍,2015-11011,update
00246417,이오테크닉스,2015-11011,update
01274310,이오플로우,2015-11011,update
01182550,EDGC,2015-11011,update
00409140,이원컴포텍,2015-11011,update
00861720,이즈미디어,2015-11011,update
00261054,EG,2015-11011,update
01480568,이지바이오,2015-11011,update
00490090,이지케어텍,2015-11011,update
01140837,이지트로닉스,2015-11011,update
00242378,이지홀딩스,2015-11011,update
00818472,이큐셀,2015-11011,update
00634728,이크레더블,2015-11011,update
00480756,이트론,2015-11011,update
00788737,이퓨쳐,2015-11011,update
00145668,이화공영,2015-11011,update
00145738,이화전기,2015-11011,update
00269922,인바디,2015-11011,update
00367871,인바이오,2015-11011,update
00409371,인베니아,2015-11011,update
01516456,인벤티지랩,2015-11011,update
01243161,인산가,2015-11011,update
00375931,인선이엔티,2015-11011,update
00229021,인성정보,2015-11011,update
00265421,인지디스플레,2015-11011,update
00641171,인지소프트,2015-11011,update
01013694,인카금융서비스,2015-11011,update
00475976,인콘,2015-11011,update
00819073,인크로스,2015-11011,update
00226866,인탑스,2015-11011,update
00604426,인터로조,2015-11011,update
00145914,인터엠,2015-11011,update
00369170,인터플렉스,2015-11011,update
00479787,인텍플러스,2015-11011,update
00664181,인텔리안테크,2015-11011,update
00661157,인트로메딕,2015-11011,update
00292434,인트론바이오,2015-11011,update
00861997,인포마크,2015-11011,update
00491415,인포바인,2015-11011,update
00243757,인포뱅크,2015-11011,update
00435969,인피니트헬스케어,2015-11011,update
00482426,인화정공,2015-11011,update
00879242,일승,2015-11011,update
00385415,일신바이오,2015-11011,update
00146427,일야,2015-11011,update
00146560,일지테크,2015-11011,update
00485177,일진파워,2015-11011,update
01165739,잉글우드랩,2015-11011,update
00261656,잉크테크,2015-11011,update
01174038,자비스,2015-11011,update
00418379,자연과환경,2015-11011,update
01020524,자이글,2015-11011,update
01264438,자이언트스텝,2015-11011,update
00659684,장원테크,2015-11011,update
00147082,재영솔루텍,2015-11011,update
01383229,저스템,2015-11011,update
00632793,전진바이오팜,2015-11011,update
01047415,정다운,2015-11011,update
00287788,정상제이엘에스,2015-11011,update
00147772,정원엔시스,2015-11011,update
00666204,제너셈,2015-11011,update
00545929,제넥신,2015-11011,update
00408956,제넨바이오,2015-11011,update
00799539,제노레이,2015-11011,update
01014718,제노코,2015-11011,update
01062177,제놀루션,2015-11011,update
00624998,제닉,2015-11011,update
00563837,제로투세븐,2015-11011,update
00899556,제룡산업,2015-11011,update
00185356,제룡전기,2015-11011,update
00442570,제우스,2015-11011,update
00110431,JW신약,2015-11011,update
00361381,제이브이엠,2015-11011,update
00148531,제이스코홀딩스,2015-11011,update
00493185,제이스텍,2015-11011,update
01267602,제이시스메디칼,2015-11011,update
00664853,제이씨케미칼,2015-11011,update
00223513,제이씨현시스템,2015-11011,update
01367586,제이아이테크,2015-11011,update
00447575,제이앤티씨,2015-11011,update
00120289,제이에스티나,2015-11011,update
00442154,제이엔케이히터,2015-11011,update
01153293,제이엘케이,2015-11011,update
00222435,제이엠아이,2015-11011,update
00533508,제이엠티,2015-11011,update
00258689,JYP Ent.,2015-11011,update
00359474,제이웨이,2015-11011,update
00867113,제이티,2015-11011,update
01041828,JTC,2015-11011,update
00185505,제일바이오,2015-11011,update
00148470,제일전기공업,2015-11011,update
00148595,제일테크노스,2015-11011,update
01230255,제주맥주,2015-11011,update
00447487,제주반도체,2015-11011,update
01222867,제테마,2015-11011,update
01051472,젠큐릭스,2015-11011,update
00492894,젬백스,2015-11011,update
00392691,젬백스링크,2015-11011,update
00291860,조광ILI,2015-11011,update
00231831,조아제약,2015-11011,update
00397252,조이시티,2015-11011,update
00205003,좋은사람들,2015-11011,update
00252135,주성엔지니어링,2015-11011,update
01012987,아모센스,2015-11011,update
01082348,오스테오닉,2015-11011,update
00983916,제노포커스,2015-11011,update
01128622,줌인터넷,2015-11011,update
00347716,중앙디앤엠,2015-11011,update
00415327,중앙백신,2015-11011,update
00149770,중앙에너비스,2015-11011,update
00477257,지나인제약,2015-11011,update
01108248,지노믹트리,2015-11011,update
01276026,지놈앤컴퍼니,2015-11011,update
01494154,지니너스,2015-11011,update
00223762,지니뮤직,2015-11011,update
00962223,지니언스,2015-11011,update
01318933,지니틱스,2015-11011,update
00257149,지더블유바이텍,2015-11011,update
01047169,지란지교시큐리티,2015-11011,update
01010642,지씨셀,2015-11011,update
01311310,지아이텍,2015-11011,update
00958327,지앤비에스엔지니어링,2015-11011,update
00389110,지어소프트,2015-11011,update
00351995,지에스이,2015-11011,update
00491938,GH신소재,2015-11011,update
00626464,지엔씨에너지,2015-11011,update
01228515,지엔원에너지,2015-11011,update
00258102,지엔코,2015-11011,update
01042359,지엘팜텍,2015-11011,update
00668965,지오엘리먼트,2015-11011,update
01462605,지투파워,2015-11011,update
01031229,지티지웰니스,2015-11011,update
00170877,진로발효,2015-11011,update
00552992,진매트릭스,2015-11011,update
00491053,진바이오텍,2015-11011,update
00174208,진성티이씨,2015-11011,update
01437858,진시스템,2015-11011,update
00150536,진양제약,2015-11011,update
00525679,차바이오텍,2015-11011,update
01141599,차백신연구소,2015-11011,update
01107665,크리스탈신소재,2015-11011,update
00606770,참좋은여행,2015-11011,update
00123523,창해에탄올,2015-11011,update
00897752,천보,2015-11011,update
01534577,청담글로벌,2015-11011,update
00216434,체리부로,2015-11011,update
00299464,초록뱀미디어,2015-11011,update
00814786,초록뱀이앤엠,2015-11011,update
00349811,초록뱀컴퍼니,2015-11011,update
00579971,칩스앤미디어,2015-11011,update
00164618,카나리아바이오,2015-11011,update
00152260,카스,2015-11011,update
01263527,카이노스메드,2015-11011,update
01137383,카카오게임즈,2015-11011,update
00260879,카페24,2015-11011,update
01267222,캐리소프트,2015-11011,update
00302582,캐스텍코리아,2015-11011,update
00330044,캠시스,2015-11011,update
00585608,커넥트웨이브,2015-11011,update
01075126,커머스마이너,2015-11011,update
01236286,컬러레이,2015-11011,update
00476498,컴투스,2015-11011,update
00535746,컴투스홀딩스,2015-11011,update
00598198,컴퍼니케이,2015-11011,update
00479705,케스피온,2015-11011,update
01187148,케어랩스,2015-11011,update
00549891,케어젠,2015-11011,update
00370918,케이디켐,2015-11011,update
01168143,골든센츄리,2015-11011,update
00158024,KBI메탈,2015-11011,update
01418543,케이비제20호스팩,2015-11011,update
01621280,케이비제21호스팩,2015-11011,update
01672053,케이비제22호스팩,2015-11011,update
01676989,케이비제23호스팩,2015-11011,update
00876166,KBG,2015-11011,update
01003040,케이사인,2015-11011,update
00105466,KCC건설,2015-11011,update
00265041,KCI,2015-11011,update
00441650,케이씨에스,2015-11011,update
00441447,케이씨티,2015-11011,update
00101752,케이씨피드,2015-11011,update
00603348,케이아이엔엑스,2015-11011,update
00328191,케이에스피,2015-11011,update
01097906,KH 건설,2015-11011,update
00378628,KH바텍,2015-11011,update
00125965,KH 전자,2015-11011,update
00657987,KX,2015-11011,update
00276834,KX하이텍,2015-11011,update
00606664,케이엔더블유,2015-11011,update
00208134,KNN,2015-11011,update
00769158,케이엔제이,2015-11011,update
00246620,케이엘넷,2015-11011,update
00242934,케이엠,2015-11011,update
00226352,케이엠더블유,2015-11011,update
01095704,케이엠제약,2015-11011,update
00668600,케이옥션,2015-11011,update
00405278,KG모빌리언스,2015-11011,update
00264547,KG이니시스,2015-11011,update
00366137,KG ETS,2015-11011,update
00225742,KT서브마린,2015-11011,update
00260958,케이티알파,2015-11011,update
00152437,케이프,2015-11011,update
01037214,케이피에스,2015-11011,update
00157636,케이피에프,2015-11011,update
00532059,KPX생명과학,2015-11011,update
00206686,케이피엠테크,2015-11011,update
00357607,케이피티유,2015-11011,update
00961507,케일럼,2015-11011,update
01158553,켄코아에어로스페이스,2015-11011,update
00371485,켐트로닉스,2015-11011,update
01089350,켐트로스,2015-11011,update
00349732,코나아이,2015-11011,update
00601988,코난테크놀로지,2015-11011,update
01573284,코닉오토메이션,2015-11011,update
00295857,코다코,2015-11011,update
00329093,코데즈컴바인,2015-11011,update
00501970,코드네이처,2015-11011,update
00308559,코디,2015-11011,update
00541437,코렌텍,2015-11011,update
00152589,코리아나,2015-11011,update
00304915,코리아에셋투자증권,2015-11011,update
00803425,코리아에프티,2015-11011,update
00268118,코맥스,2015-11011,update
00152783,코메론,2015-11011,update
00997812,코미코,2015-11011,update
00187415,코미팜,2015-11011,update
00365934,코세스,2015-11011,update
00116426,코센,2015-11011,update
00442455,코스나인,2015-11011,update
00656289,코스맥스엔비티,2015-11011,update
00763473,코스메카코리아,2015-11011,update
00402989,코스온,2015-11011,update
00989664,코아스템켐온,2015-11011,update
00271501,코아시아,2015-11011,update
01031502,코아시아옵틱스,2015-11011,update
00197476,코엔텍,2015-11011,update
00525642,코오롱생명과학,2015-11011,update
01245062,코오롱티슈진,2015-11011,update
00361266,코원플레이,2015-11011,update
00155948,코웰패션,2015-11011,update
00360674,코위버,2015-11011,update
01211232,코윈테크,2015-11011,update
00807397,코이즈,2015-11011,update
00187725,코콤,2015-11011,update
01614679,코텍,2015-11011,update
01364297,코퍼스코리아,2015-11011,update
00599595,코프라,2015-11011,update
01032404,콜마비앤에이치,2015-11011,update
01311055,쿠콘,2015-11011,update
01311286,퀀타매트릭스,2015-11011,update
01397772,큐라클,2015-11011,update
00356802,큐렉소,2015-11011,update
00346407,큐로컴,2015-11011,update
00296324,큐로홀딩스,2015-11011,update
01042650,큐리언트,2015-11011,update
00985686,큐브엔터,2015-11011,update
01033591,큐알티,2015-11011,update
00411446,큐에스아이,2015-11011,update
00267942,큐캐피탈,2015-11011,update
00525882,크레버스,2015-11011,update
00260611,크로바하이텍,2015-11011,update
00618401,크루셜텍,2015-11011,update
00522007,크리스에프앤씨,2015-11011,update
00407814,크리스탈지노믹스,2015-11011,update
00185222,크린앤사이언스,2015-11011,update
00232821,클라우드에어,2015-11011,update
01061327,클래시스,2015-11011,update
01201970,클리노믹스,2015-11011,update
00957735,클리오,2015-11011,update
00535375,키네마스터,2015-11011,update
01616808,키움제6호스팩,2015-11011,update
01667592,키움제7호스팩,2015-11011,update
00353762,키이스트,2015-11011,update
00617314,타이거일렉,2015-11011,update
01360875,탑머티리얼,2015-11011,update
00366845,탑엔지니어링,2015-11011,update
00608699,탑코미디어,2015-11011,update
00153375,태광,2015-11011,update
01366000,태성,2015-11011,update
00186717,태양,2015-11011,update
01697593,태웅,2015-11011,update
00562245,태웅로직스,2015-11011,update
00926522,테고사이언스,2015-11011,update
00373021,테라사이언스,2015-11011,update
00249894,테라젠이텍스,2015-11011,update
00524421,테스,2015-11011,update
00370255,테크엘,2015-11011,update
00535676,테크윙,2015-11011,update
00423177,텔레칩스,2015-11011,update
00560122,텔레필드,2015-11011,update
00608802,텔콘RF제약,2015-11011,update
01064069,토박스코리아,2015-11011,update
00390365,토비스,2015-11011,update
00355089,토탈소프트,2015-11011,update
00531917,톱텍,2015-11011,update
00596260,투비소프트,2015-11011,update
00547510,툴젠,2015-11011,update
00766106,트루윈,2015-11011,update
01217014,트윔,2015-11011,update
00186939,특수건설,2015-11011,update
01309388,티라유텍,2015-11011,update
00867098,티로보틱스,2015-11011,update
00204642,티비씨,2015-11011,update
00372688,티사이언티픽,2015-11011,update
00609661,티쓰리,2015-11011,update
00245472,티씨케이,2015-11011,update
01109937,티앤알바이오팹,2015-11011,update
00608440,티앤엘,2015-11011,update
00317487,티에스넥스젠,2015-11011,update
01139035,티에스아이,2015-11011,update
00372226,티에스이,2015-11011,update
00778235,TS인베스트먼트,2015-11011,update
01353024,TS트릴리온,2015-11011,update
01035368,티에프이,2015-11011,update
00920379,티엘비,2015-11011,update
00261887,티엘아이,2015-11011,update
01335930,티움바이오,2015-11011,update
00201733,TJ미디어,2015-11011,update
00140061,TKG애강,2015-11011,update
00693554,티케이케미칼,2015-11011,update
00497631,티플랙스,2015-11011,update
00578538,티피씨글로벌,2015-11011,update
00108649,TPC,2015-11011,update
00438036,팅크웨어,2015-11011,update
00172079,파나진,2015-11011,update
00353018,파나케이아,2015-11011,update
01693445,파라다이스,2015-11011,update
00105138,파라텍,2015-11011,update
00266934,파루,2015-11011,update
00970453,파마리서치,2015-11011,update
00972293,파멥신,2015-11011,update
00429694,파버나인,2015-11011,update
00238153,파세코,2015-11011,update
00638487,파수,2015-11011,update
00231354,파워넷,2015-11011,update
00269612,파워로직스,2015-11011,update
01513440,파이버프로,2015-11011,update
00492353,파이오링크,2015-11011,update
00350020,파인디앤씨,2015-11011,update
00264732,파인디지털,2015-11011,update
01686755,파인엠텍,2015-11011,update
00755739,파인테크닉스,2015-11011,update
01304727,파인텍,2015-11011,update
00384762,파커스,2015-11011,update
00244747,파크시스템스,2015-11011,update
00490151,파트론,2015-11011,update
00231691,판타지오,2015-11011,update
00986898,팜스빌,2015-11011,update
00192499,팜스토리,2015-11011,update
01101041,패션플랫폼,2015-11011,update
00339072,팬스타엔터프라이즈,2015-11011,update
00397191,팬엔터테인먼트,2015-11011,update
00962922,팬젠,2015-11011,update
01152470,펄어비스,2015-11011,update
00761059,펌텍코리아,2015-11011,update
00957373,펨트론,2015-11011,update
00415868,펩트론,2015-11011,update
00188797,포메탈,2015-11011,update
01513699,포바이포,2015-11011,update
00155212,포스코 ICT,2015-11011,update
00939942,포시에스,2015-11011,update
00962393,포인트모바일,2015-11011,update
01179608,포인트엔지니어링,2015-11011,update
01393721,포커스에이치엔에스,2015-11011,update
00617998,폴라리스세원,2015-11011,update
00269852,폴라리스오피스,2015-11011,update
00663669,폴라리스우노,2015-11011,update
01259311,푸드나무,2015-11011,update
00165103,푸드웰,2015-11011,update
00537832,푸른기술,2015-11011,update
00124805,푸른저축은행,2015-11011,update
00155373,풍강,2015-11011,update
00155452,풍국주정,2015-11011,update
00417167,풍원정밀,2015-11011,update
01357446,퓨런티어,2015-11011,update
01053540,퓨쳐켐,2015-11011,update
00356389,프럼파스트,2015-11011,update
01258428,프레스티지바이오로직스,2015-11011,update
01036367,프로스테믹스,2015-11011,update
01359736,프로이천,2015-11011,update
00325112,프로텍,2015-11011,update
01217865,프롬바이오,2015-11011,update
01137295,프리시젼바이오,2015-11011,update
00352064,프리엠스,2015-11011,update
01575839,플라즈맵,2015-11011,update
00297448,플래스크,2015-11011,update
01454341,플래티어,2015-11011,update
00490179,플랜티넷,2015-11011,update
00862853,플레이디,2015-11011,update
00138367,플레이위드,2015-11011,update
01237434,플리토,2015-11011,update
00189538,피델릭스,2015-11011,update
00297934,피씨디렉트,2015-11011,update
01051092,피씨엘,2015-11011,update
00525864,피앤씨테크,2015-11011,update
00155586,피에스엠씨,2015-11011,update
01637740,피에스케이,2015-11011,update
00208444,피에스케이홀딩스,2015-11011,update
00155638,피에스텍,2015-11011,update
00410739,피에이치씨,2015-11011,update
00155151,피에이치에이,2015-11011,update
01112889,피엔에이치테크,2015-11011,update
01290381,피엔케이피부임상연구센타,2015-11011,update
00612294,피엔티,2015-11011,update
00133557,PN풍년,2015-11011,update
00829380,피제이메탈,2015-11011,update
00155735,피제이전자,2015-11011,update
00604028,피코그램,2015-11011,update
01118281,피플바이오,2015-11011,update
00403766,피피아이,2015-11011,update
00495086,픽셀플러스,2015-11011,update
01524507,핀텔,2015-11011,update
00938721,필옵틱스,2015-11011,update
01405390,핌스,2015-11011,update
01142075,핑거,2015-11011,update
01584934,핑거스토리,2015-11011,update
01416457,하나금융15호스팩,2015-11011,update
01419384,하나금융16호스팩,2015-11011,update
01568875,하나금융19호스팩,2015-11011,update
01583397,하나금융20호스팩,2015-11011,update
01593242,하나금융21호스팩,2015-11011,update
01613281,하나금융22호스팩,2015-11011,update
01652970,하나금융23호스팩,2015-11011,update
01658266,하나금융24호스팩,2015-11011,update
01669475,하나금융25호스팩,2015-11011,update
00601191,하나기술,2015-11011,update
00445054,하나마이크론,2015-11011,update
01513404,하나머스트7호스팩,2015-11011,update
00660750,하나머티리얼즈,2015-11011,update
00857727,하림,2015-11011,update
00148364,하림지주,2015-11011,update
00527491,하이드로리튬,2015-11011,update
01505186,하이딥,2015-11011,update
00977641,하이로닉,2015-11011,update
00165060,하이록코리아,2015-11011,update
00825959,하이비젼시스템,2015-11011,update
00542898,하이소닉,2015-11011,update
01526949,하이제6호스팩,2015-11011,update
01586172,하이제7호스팩,2015-11011,update
00688358,하이즈항공,2015-11011,update
00409964,하이텍팜,2015-11011,update
01514698,하인크코리아,2015-11011,update
00221728,하츠,2015-11011,update
00156442,한국가구,2015-11011,update
00263371,한국경제TV,2015-11011,update
00156956,한국기업평가,2015-11011,update
00579139,한국맥널티,2015-11011,update
01179617,한국비엔씨,2015-11011,update
00158015,한국선재,2015-11011,update
00158565,한국알콜,2015-11011,update
00532855,한국유니온제약,2015-11011,update
00363769,한국전자금융,2015-11011,update
00361169,한국전자인증,2015-11011,update
00257732,한국정밀기계,2015-11011,update
00261957,한국정보공학,2015-11011,update
00306454,한국정보인증,2015-11011,update
00159342,한국정보통신,2015-11011,update
01596665,한국제10호스팩,2015-11011,update
01672114,한국제11호스팩,2015-11011,update
00149594,한국캐피탈,2015-11011,update
00303396,한국컴퓨터,2015-11011,update
00160010,한국큐빅,2015-11011,update
00355548,한국테크놀로지,2015-11011,update
00187770,한국파마,2015-11011,update
00198192,한국팩키지,2015-11011,update
00204262,한글과컴퓨터,2015-11011,update
00244783,한네트,2015-11011,update
01069736,한독크린텍,2015-11011,update
00528515,한라IMS,2015-11011,update
00348292,한빛소프트,2015-11011,update
00625942,한솔아이원스,2015-11011,update
00470829,한솔인티큐브,2015-11011,update
01101722,한송네오텍,2015-11011,update
00349060,한스바이오메드,2015-11011,update
00488989,한양디지텍,2015-11011,update
00216762,한양이엔지,2015-11011,update
00162832,한일단조,2015-11011,update
00162911,한일사료,2015-11011,update
00809429,한일진공,2015-11011,update
00267979,한일화학,2015-11011,update
00202839,한창산업,2015-11011,update
00363592,한컴위드,2015-11011,update
00140566,한탑,2015-11011,update
01572489,한화플러스제2호스팩,2015-11011,update
01663055,한화플러스제3호스팩,2015-11011,update
00219361,해성산업,2015-11011,update
00483735,해성옵틱스,2015-11011,update
00453442,해성티피씨,2015-11011,update
00793155,핸디소프트,2015-11011,update
01160512,헝셩그룹,2015-11011,update
01013311,헥토이노베이션,2015-11011,update
00763701,헥토파이낸셜,2015-11011,update
00359395,헬릭스미스,2015-11011,update
00164502,현대공업,2015-11011,update
01358463,현대무벡스,2015-11011,update
00347062,현대바이오랜드,2015-11011,update
00313649,현대바이오,2015-11011,update
00228536,현대에버다임,2015-11011,update
00255044,현대에이치티,2015-11011,update
00656951,현대이지웰,2015-11011,update
00367455,현우산업,2015-11011,update
00808068,협진,2015-11011,update
00142713,형지I&C,2015-11011,update
00288495,홈센타홀딩스,2015-11011,update
00385336,홈캐스트,2015-11011,update
00217743,화성밸브,2015-11011,update
00825223,화신정공,2015-11011,update
00188973,화일약품,2015-11011,update
00367385,효성오앤비,2015-11011,update
01251577,휴네시온,2015-11011,update
01453670,휴럼,2015-11011,update
00623184,휴림네트웍스,2015-11011,update
00540429,휴림로봇,2015-11011,update
01042979,휴마시스,2015-11011,update
00787057,휴맥스,2015-11011,update
00219440,휴맥스홀딩스,2015-11011,update
00205687,휴먼엔,2015-11011,update
00614478,휴메딕스,2015-11011,update
00398668,휴비츠,2015-11011,update
01063884,휴센텍,2015-11011,update
01185566,휴엠앤씨,2015-11011,update
01159853,휴온스,2015-11011,update
00228059,휴온스글로벌,2015-11011,update
00888347,휴젤,2015-11011,update
00167004,흥구석유,2015-11011,update
00167031,흥국,2015-11011,update
00916516,흥국에프엔비,2015-11011,update
00236863,희림,2015-11011,update
00556712,힘스,2015-11011,update
